﻿ID,Estimated Speedup,Function Name,Demangled Name,"Duration""""(2.068e+06)","Runtime Improvement""""(293419)",Compute Throughput,Memory Throughput,# Registers,Grid Size,Block Size
0,8.34,implicit_convolve_sgemm,..implicit_convolve_sgemm..,35.81,2.99,55.34,62.61,80,"  392,    2,    1","    8,    8,    1"
1,17.38,bn_fw_inf_1C11_kernel_NCHW,..bn_fw_inf_1C11_kernel_NCHW..,14.94,2.60,7.93,44.26,20,"   64,    1,    1","  512,    1,    1"
2,0.00,vectorized_elementwise_kernel,..launch_clamp_scalar..,8.80,0.00,5.92,75.16,18," 1568,    1,    1","  128,    1,    1"
3,6.20,max_pool_forward_nchw,..max_pool_forward_nchw..,11.07,0.69,50.46,53.46,26,"  784,    1,    1","  256,    1,    1"
4,19.22,Kernel2,..cutlass_80_tensorop_s1688gemm_64x64_16x6_nn_align4..,7.01,1.35,8.88,19.68,90,"    8,    7,    1","  128,    1,    1"
5,15.37,bn_fw_inf_1C11_kernel_NCHW,..bn_fw_inf_1C11_kernel_NCHW..,6.24,0.96,6.32,21.97,20,"   64,    1,    1","  512,    1,    1"
6,7.49,vectorized_elementwise_kernel,..launch_clamp_scalar..,4.16,0.31,3.63,31.31,18,"  392,    1,    1","  128,    1,    1"
7,12.87,generateWinogradTilesKernel,..generateWinogradTilesKernel..,3.46,0.44,3.15,7.92,40,"    2,   16,    1","   32,    4,    1"
8,20.28,cudnn_infer_ampere_scudnn_winograd_128x128_ldg1_ldg4_relu_tile148n_nt_v1,cudnn_infer_ampere_scudnn_winograd_128x128_ldg1_ldg4_relu_tile148n_nt_v1,19.84,4.02,33.13,33.68,130,"    2,    7,    4","  256,    1,    1"
9,14.72,bn_fw_inf_1C11_kernel_NCHW,..bn_fw_inf_1C11_kernel_NCHW..,6.30,0.93,5.78,22.29,20,"   64,    1,    1","  512,    1,    1"
10,7.08,vectorized_elementwise_kernel,..launch_clamp_scalar..,3.97,0.28,3.95,30.85,18,"  392,    1,    1","  128,    1,    1"
11,21.76,Kernel2,..cutlass_80_tensorop_s1688gemm_256x64_16x4_nn_align4..,14.72,3.20,12.86,24.68,218,"   32,    2,    1","  128,    1,    1"
12,20.46,bn_fw_inf_1C11_kernel_NCHW,..bn_fw_inf_1C11_kernel_NCHW..,12.70,2.60,14.12,50.98,20,"  256,    1,    1","  512,    1,    1"
13,21.70,Kernel2,..cutlass_80_tensorop_s1688gemm_256x64_16x4_nn_align4..,14.66,3.18,12.93,25.61,218,"   32,    2,    1","  128,    1,    1"
14,19.46,bn_fw_inf_1C11_kernel_NCHW,..bn_fw_inf_1C11_kernel_NCHW..,13.06,2.54,14.27,53.76,20,"  256,    1,    1","  512,    1,    1"
15,0.00,vectorized_elementwise_kernel,..vectorized_elementwise_kernel..,12.99,0.00,4.46,76.23,22," 1568,    1,    1","  128,    1,    1"
16,0.00,vectorized_elementwise_kernel,..launch_clamp_scalar..,8.74,0.00,5.94,70.58,18," 1568,    1,    1","  128,    1,    1"
17,22.13,Kernel2,..cutlass_80_tensorop_s1688gemm_64x64_32x6_nn_align4..,12.70,2.81,14.44,36.68,96,"    8,    7,    1","  128,    1,    1"
18,15.89,bn_fw_inf_1C11_kernel_NCHW,..bn_fw_inf_1C11_kernel_NCHW..,6.27,1.00,6.30,23.36,20,"   64,    1,    1","  512,    1,    1"
19,7.17,vectorized_elementwise_kernel,..launch_clamp_scalar..,4,0.29,3.96,31.77,18,"  392,    1,    1","  128,    1,    1"
20,12.56,generateWinogradTilesKernel,..generateWinogradTilesKernel..,3.39,0.43,3.07,7.97,40,"    2,   16,    1","   32,    4,    1"
21,20.18,cudnn_infer_ampere_scudnn_winograd_128x128_ldg1_ldg4_relu_tile148n_nt_v1,cudnn_infer_ampere_scudnn_winograd_128x128_ldg1_ldg4_relu_tile148n_nt_v1,19.87,4.01,32.94,33.50,130,"    2,    7,    4","  256,    1,    1"
22,15.23,bn_fw_inf_1C11_kernel_NCHW,..bn_fw_inf_1C11_kernel_NCHW..,6.11,0.93,6.29,22.40,20,"   64,    1,    1","  512,    1,    1"
23,7.33,vectorized_elementwise_kernel,..launch_clamp_scalar..,4,0.29,3.52,33.04,18,"  392,    1,    1","  128,    1,    1"
24,22.20,Kernel2,..cutlass_80_tensorop_s1688gemm_256x64_16x4_nn_align4..,14.78,3.28,12.86,24.49,218,"   32,    2,    1","  128,    1,    1"
25,19.53,bn_fw_inf_1C11_kernel_NCHW,..bn_fw_inf_1C11_kernel_NCHW..,13.34,2.61,14.41,51.19,20,"  256,    1,    1","  512,    1,    1"
26,0.00,vectorized_elementwise_kernel,..vectorized_elementwise_kernel..,12.96,0.00,4.45,76.11,22," 1568,    1,    1","  128,    1,    1"
27,0.00,vectorized_elementwise_kernel,..launch_clamp_scalar..,9.18,0.00,5.92,70.18,18," 1568,    1,    1","  128,    1,    1"
28,21.85,Kernel2,..cutlass_80_tensorop_s1688gemm_64x64_32x6_nn_align4..,12.67,2.77,14.31,36.75,96,"    8,    7,    1","  128,    1,    1"
29,15.51,bn_fw_inf_1C11_kernel_NCHW,..bn_fw_inf_1C11_kernel_NCHW..,6.34,0.98,6.27,22.60,20,"   64,    1,    1","  512,    1,    1"
30,7.57,vectorized_elementwise_kernel,..launch_clamp_scalar..,4.06,0.31,4.01,29.88,18,"  392,    1,    1","  128,    1,    1"
31,13.13,generateWinogradTilesKernel,..generateWinogradTilesKernel..,3.49,0.46,3.09,7.76,40,"    2,   16,    1","   32,    4,    1"
32,20.29,cudnn_infer_ampere_scudnn_winograd_128x128_ldg1_ldg4_relu_tile148n_nt_v1,cudnn_infer_ampere_scudnn_winograd_128x128_ldg1_ldg4_relu_tile148n_nt_v1,19.74,4.01,33.11,33.70,130,"    2,    7,    4","  256,    1,    1"
33,16.58,bn_fw_inf_1C11_kernel_NCHW,..bn_fw_inf_1C11_kernel_NCHW..,6.27,1.04,6.30,23.84,20,"   64,    1,    1","  512,    1,    1"
34,6.77,vectorized_elementwise_kernel,..launch_clamp_scalar..,4.03,0.27,3.77,32.72,18,"  392,    1,    1","  128,    1,    1"
35,21.70,Kernel2,..cutlass_80_tensorop_s1688gemm_256x64_16x4_nn_align4..,14.82,3.22,12.97,24.96,218,"   32,    2,    1","  128,    1,    1"
36,19.68,bn_fw_inf_1C11_kernel_NCHW,..bn_fw_inf_1C11_kernel_NCHW..,12.67,2.49,14.50,54.30,20,"  256,    1,    1","  512,    1,    1"
37,13.71,vectorized_elementwise_kernel,..vectorized_elementwise_kernel..,13.44,1.84,4.49,76.04,22," 1568,    1,    1","  128,    1,    1"
38,0.00,vectorized_elementwise_kernel,..launch_clamp_scalar..,8.70,0.00,7.99,74.02,18," 1568,    1,    1","  128,    1,    1"
39,22.54,Kernel2,..cutlass_80_tensorop_s1688gemm_128x64_16x6_nn_align4..,18.69,4.21,19.44,32.17,136,"   16,    4,    1","  128,    1,    1"
40,8.07,bn_fw_inf_1C11_kernel_NCHW,..bn_fw_inf_1C11_kernel_NCHW..,7.42,0.60,11.65,41.09,20,"  128,    1,    1","  512,    1,    1"
41,8.78,vectorized_elementwise_kernel,..launch_clamp_scalar..,6.05,0.53,5.80,49.86,18,"  784,    1,    1","  128,    1,    1"
42,7.14,nchwToNhwcKernel,..nchw2nhwc_params_t..,6.18,0.44,16.83,48.39,33,"   98,    4,    1","  256,    1,    1"
43,13.98,nchwToNhwcKernel,..nchw2nhwc_params_t..,5.28,0.74,23.86,17.72,33,"    1,    4,  128","  256,    1,    1"
44,22.17,sm86_xmma_fprop_implicit_gemm_indexed_tf32f32_tf32f32_f32_nhwckrsc_nchw_tilesize64x32x64_stage4_warpsize2x2x1_g1_tensor16x8x8_alignc4_execute_kernel_cudnn_infer,sm86_xmma_fprop_implicit_gemm_indexed_tf32f32_tf32f32_f32_nhwckrsc_nchw_tilesize64x32x64_stage4_warpsize2x2x1_g1_tensor16x8x8_alignc4_execute_kernel_cudnn_infer,23.30,5.17,18.33,45.70,122,"    4,   13,    1","  128,    1,    1"
45,8.12,bn_fw_inf_1C11_kernel_NCHW,..bn_fw_inf_1C11_kernel_NCHW..,5.09,0.41,5.09,13.01,20,"  128,    1,    1","  256,    1,    1"
46,8.36,vectorized_elementwise_kernel,..launch_clamp_scalar..,3.42,0.29,2.17,16.33,18,"  196,    1,    1","  128,    1,    1"
47,20.30,Kernel2,..cutlass_80_tensorop_s1688gemm_128x64_16x6_nn_align4..,12.67,2.57,16.22,26.08,136,"   64,    1,    1","  128,    1,    1"
48,15.46,bn_fw_inf_1C11_kernel_NCHW,..bn_fw_inf_1C11_kernel_NCHW..,8.10,1.25,13.61,40.91,20,"  512,    1,    1","  256,    1,    1"
49,9.48,implicit_convolve_sgemm,..implicit_convolve_sgemm..,34.27,3.25,47.84,60.36,80,"   25,   16,    1","    8,    8,    1"
50,14.08,bn_fw_inf_1C11_kernel_NCHW,..bn_fw_inf_1C11_kernel_NCHW..,8.10,1.14,11.63,36.91,20,"  512,    1,    1","  256,    1,    1"
51,5.18,vectorized_elementwise_kernel,..vectorized_elementwise_kernel..,7.71,0.40,3.48,60.95,22,"  784,    1,    1","  128,    1,    1"
52,5.87,vectorized_elementwise_kernel,..launch_clamp_scalar..,5.60,0.33,5.95,47.82,18,"  784,    1,    1","  128,    1,    1"
53,19.62,Kernel2,..cutlass_80_tensorop_s1688gemm_64x64_32x6_nn_align4..,18.69,3.67,10.13,18.43,96,"   16,    2,    1","  128,    1,    1"
54,8.05,bn_fw_inf_1C11_kernel_NCHW,..bn_fw_inf_1C11_kernel_NCHW..,5.02,0.40,5.36,13.95,20,"  128,    1,    1","  256,    1,    1"
55,7.78,vectorized_elementwise_kernel,..launch_clamp_scalar..,3.23,0.25,2.27,15.77,18,"  196,    1,    1","  128,    1,    1"
56,11.18,nchwToNhwcKernel,..nchw2nhwc_params_t..,4.19,0.47,6.18,12.89,33,"   25,    4,    1","  256,    1,    1"
57,14.34,nchwToNhwcKernel,..nchw2nhwc_params_t..,5.22,0.75,23.97,19.59,33,"    1,    4,  128","  256,    1,    1"
58,21.68,sm86_xmma_fprop_implicit_gemm_indexed_tf32f32_tf32f32_f32_nhwckrsc_nchw_tilesize64x32x64_stage4_warpsize2x2x1_g1_tensor16x8x8_alignc4_execute_kernel_cudnn_infer,sm86_xmma_fprop_implicit_gemm_indexed_tf32f32_tf32f32_f32_nhwckrsc_nchw_tilesize64x32x64_stage4_warpsize2x2x1_g1_tensor16x8x8_alignc4_execute_kernel_cudnn_infer,22.62,4.91,18.74,46.34,122,"    4,   13,    1","  128,    1,    1"
59,8.53,bn_fw_inf_1C11_kernel_NCHW,..bn_fw_inf_1C11_kernel_NCHW..,4.96,0.42,5.23,13.61,20,"  128,    1,    1","  256,    1,    1"
60,8.56,vectorized_elementwise_kernel,..launch_clamp_scalar..,3.26,0.28,2.18,17.77,18,"  196,    1,    1","  128,    1,    1"
61,20.29,Kernel2,..cutlass_80_tensorop_s1688gemm_128x64_16x6_nn_align4..,12.86,2.61,16.27,25.65,136,"   64,    1,    1","  128,    1,    1"
62,14.29,bn_fw_inf_1C11_kernel_NCHW,..bn_fw_inf_1C11_kernel_NCHW..,8,1.14,12.17,40.89,20,"  512,    1,    1","  256,    1,    1"
63,5.97,vectorized_elementwise_kernel,..vectorized_elementwise_kernel..,7.87,0.47,3.51,61.50,22,"  784,    1,    1","  128,    1,    1"
64,0.00,vectorized_elementwise_kernel,..launch_clamp_scalar..,5.82,0.00,5.96,50.77,18,"  784,    1,    1","  128,    1,    1"
65,19.67,Kernel2,..cutlass_80_tensorop_s1688gemm_64x64_32x6_nn_align4..,18.50,3.64,10.14,18.62,96,"   16,    2,    1","  128,    1,    1"
66,8.83,bn_fw_inf_1C11_kernel_NCHW,..bn_fw_inf_1C11_kernel_NCHW..,4.96,0.44,5.30,13.50,20,"  128,    1,    1","  256,    1,    1"
67,8.09,vectorized_elementwise_kernel,..launch_clamp_scalar..,3.30,0.27,2.33,16.90,18,"  196,    1,    1","  128,    1,    1"
68,13.61,nchwToNhwcKernel,..nchw2nhwc_params_t..,4.13,0.56,6.16,13.15,33,"   25,    4,    1","  256,    1,    1"
69,13.48,nchwToNhwcKernel,..nchw2nhwc_params_t..,5.28,0.71,23.72,17.00,33,"    1,    4,  128","  256,    1,    1"
70,22.25,sm86_xmma_fprop_implicit_gemm_indexed_tf32f32_tf32f32_f32_nhwckrsc_nchw_tilesize64x32x64_stage4_warpsize2x2x1_g1_tensor16x8x8_alignc4_execute_kernel_cudnn_infer,sm86_xmma_fprop_implicit_gemm_indexed_tf32f32_tf32f32_f32_nhwckrsc_nchw_tilesize64x32x64_stage4_warpsize2x2x1_g1_tensor16x8x8_alignc4_execute_kernel_cudnn_infer,22.40,4.98,19.07,46.79,122,"    4,   13,    1","  128,    1,    1"
71,8.53,bn_fw_inf_1C11_kernel_NCHW,..bn_fw_inf_1C11_kernel_NCHW..,4.93,0.42,5.37,14.24,20,"  128,    1,    1","  256,    1,    1"
72,8.20,vectorized_elementwise_kernel,..launch_clamp_scalar..,3.26,0.27,2.24,15.35,18,"  196,    1,    1","  128,    1,    1"
73,20.28,Kernel2,..cutlass_80_tensorop_s1688gemm_128x64_16x6_nn_align4..,12.74,2.58,16.20,25.94,136,"   64,    1,    1","  128,    1,    1"
74,15.85,bn_fw_inf_1C11_kernel_NCHW,..bn_fw_inf_1C11_kernel_NCHW..,8.22,1.30,13.89,38.94,20,"  512,    1,    1","  256,    1,    1"
75,0.00,vectorized_elementwise_kernel,..vectorized_elementwise_kernel..,7.87,0.00,2.88,61.23,22,"  784,    1,    1","  128,    1,    1"
76,17.26,vectorized_elementwise_kernel,..launch_clamp_scalar..,5.66,0.98,5.93,47.89,18,"  784,    1,    1","  128,    1,    1"
77,19.77,Kernel2,..cutlass_80_tensorop_s1688gemm_64x64_32x6_nn_align4..,18.62,3.68,10.15,18.49,96,"   16,    2,    1","  128,    1,    1"
78,10.25,bn_fw_inf_1C11_kernel_NCHW,..bn_fw_inf_1C11_kernel_NCHW..,4.83,0.50,5.34,12.99,20,"  128,    1,    1","  256,    1,    1"
79,7.43,vectorized_elementwise_kernel,..launch_clamp_scalar..,3.36,0.25,2.33,16.28,18,"  196,    1,    1","  128,    1,    1"
80,11.12,nchwToNhwcKernel,..nchw2nhwc_params_t..,4.26,0.47,5.90,13.01,33,"   25,    4,    1","  256,    1,    1"
81,13.82,nchwToNhwcKernel,..nchw2nhwc_params_t..,5.15,0.71,23.89,19.27,33,"    1,    4,  128","  256,    1,    1"
82,21.96,sm86_xmma_fprop_implicit_gemm_indexed_tf32f32_tf32f32_f32_nhwckrsc_nchw_tilesize64x32x64_stage4_warpsize2x2x1_g1_tensor16x8x8_alignc4_execute_kernel_cudnn_infer,sm86_xmma_fprop_implicit_gemm_indexed_tf32f32_tf32f32_f32_nhwckrsc_nchw_tilesize64x32x64_stage4_warpsize2x2x1_g1_tensor16x8x8_alignc4_execute_kernel_cudnn_infer,22.53,4.95,19.01,46.57,122,"    4,   13,    1","  128,    1,    1"
83,9.58,bn_fw_inf_1C11_kernel_NCHW,..bn_fw_inf_1C11_kernel_NCHW..,5.02,0.48,5.03,13.70,20,"  128,    1,    1","  256,    1,    1"
84,8.39,vectorized_elementwise_kernel,..launch_clamp_scalar..,3.42,0.29,2.34,16.69,18,"  196,    1,    1","  128,    1,    1"
85,19.85,Kernel2,..cutlass_80_tensorop_s1688gemm_128x64_16x6_nn_align4..,12.86,2.55,16.30,25.67,136,"   64,    1,    1","  128,    1,    1"
86,16.28,bn_fw_inf_1C11_kernel_NCHW,..bn_fw_inf_1C11_kernel_NCHW..,8.16,1.33,13.67,40.40,20,"  512,    1,    1","  256,    1,    1"
87,7.98,vectorized_elementwise_kernel,..vectorized_elementwise_kernel..,7.68,0.61,3.50,59.46,22,"  784,    1,    1","  128,    1,    1"
88,6.41,vectorized_elementwise_kernel,..launch_clamp_scalar..,5.95,0.38,6.05,49.49,18,"  784,    1,    1","  128,    1,    1"
89,22.25,Kernel2,..cutlass_80_tensorop_s1688gemm_64x64_32x6_nn_align4..,19.33,4.30,19.70,35.10,96,"   32,    2,    1","  128,    1,    1"
90,8.37,bn_fw_inf_1C11_kernel_NCHW,..bn_fw_inf_1C11_kernel_NCHW..,5.63,0.47,9.72,28.29,20,"  256,    1,    1","  256,    1,    1"
91,8.42,vectorized_elementwise_kernel,..launch_clamp_scalar..,4.10,0.34,3.87,30.42,18,"  392,    1,    1","  128,    1,    1"
92,11.60,nchwToNhwcKernel,..nchw2nhwc_params_t..,4.86,0.56,10.54,27.96,33,"   25,    8,    1","  256,    1,    1"
93,5.94,nchwToNhwcKernel,..nchw2nhwc_params_t..,10.08,0.60,46.03,47.08,33,"    1,    8,  256","  256,    1,    1"
94,18.36,sm86_xmma_fprop_implicit_gemm_indexed_tf32f32_tf32f32_f32_nhwckrsc_nchw_tilesize64x32x64_stage4_warpsize2x2x1_g1_tensor16x8x8_alignc4_execute_kernel_cudnn_infer,sm86_xmma_fprop_implicit_gemm_indexed_tf32f32_tf32f32_f32_nhwckrsc_nchw_tilesize64x32x64_stage4_warpsize2x2x1_g1_tensor16x8x8_alignc4_execute_kernel_cudnn_infer,24.99,4.59,20.96,46.05,122,"    8,    4,    2","  128,    1,    1"
95,9.02,bn_fw_inf_1C11_kernel_NCHW,..bn_fw_inf_1C11_kernel_NCHW..,4.61,0.42,2.87,7.02,20,"  256,    1,    1","   64,    1,    1"
96,6.49,vectorized_elementwise_kernel,..launch_clamp_scalar..,2.98,0.19,1.21,9.44,18,"   98,    1,    1","  128,    1,    1"
97,18.00,Kernel2,..cutlass_80_tensorop_s1688gemm_64x64_32x6_nn_align4..,13.22,2.38,18.07,37.20,96,"   64,    1,    1","  128,    1,    1"
98,5.97,bn_fw_inf_1C11_kernel_NCHW,..bn_fw_inf_1C11_kernel_NCHW..,5.66,0.34,10.09,28.48,20," 1024,    1,    1","   64,    1,    1"
99,0.00,kern_precompute_indices,..kern_precompute_indices..,2.82,0.00,2.16,1.41,16,"  512,    1,    1","    1,    1,    1"
100,5.63,precomputed_convolve_sgemm,..precomputed_convolve_sgemm..,40.93,2.30,47.13,55.91,64,"    7,   32,    1","    8,    8,    1"
101,6.67,bn_fw_inf_1C11_kernel_NCHW,..bn_fw_inf_1C11_kernel_NCHW..,5.57,0.37,10.03,28.88,20," 1024,    1,    1","   64,    1,    1"
102,7.25,vectorized_elementwise_kernel,..vectorized_elementwise_kernel..,4.86,0.35,2.45,42.03,22,"  392,    1,    1","  128,    1,    1"
103,6.39,vectorized_elementwise_kernel,..launch_clamp_scalar..,4.19,0.27,3.80,28.90,18,"  392,    1,    1","  128,    1,    1"
104,22.57,Kernel2,..cutlass_80_tensorop_s1688gemm_64x128_32x3_nn_align4..,17.54,3.96,13.31,21.67,148,"    8,    1,    5","  128,    1,    1"
105,9.13,splitKreduce_kernel,..splitKreduce_kernel..,4.70,0.43,9.54,27.77,44,"    7,   16,    1","   32,   16,    1"
106,8.77,bn_fw_inf_1C11_kernel_NCHW,..bn_fw_inf_1C11_kernel_NCHW..,4.61,0.40,2.87,8.13,20,"  256,    1,    1","   64,    1,    1"
107,6.20,vectorized_elementwise_kernel,..launch_clamp_scalar..,3.01,0.19,1.25,9.46,18,"   98,    1,    1","  128,    1,    1"
108,13.73,nchwToNhwcKernel,..nchw2nhwc_params_t..,3.74,0.51,3.39,7.52,33,"    7,    8,    1","  256,    1,    1"
109,6.99,nchwToNhwcKernel,..nchw2nhwc_params_t..,10.14,0.71,46.48,45.10,33,"    1,    8,  256","  256,    1,    1"
110,18.11,sm86_xmma_fprop_implicit_gemm_indexed_tf32f32_tf32f32_f32_nhwckrsc_nchw_tilesize64x32x64_stage4_warpsize2x2x1_g1_tensor16x8x8_alignc4_execute_kernel_cudnn_infer,sm86_xmma_fprop_implicit_gemm_indexed_tf32f32_tf32f32_f32_nhwckrsc_nchw_tilesize64x32x64_stage4_warpsize2x2x1_g1_tensor16x8x8_alignc4_execute_kernel_cudnn_infer,24.51,4.44,21.41,45.65,122,"    8,    4,    2","  128,    1,    1"
111,6.76,bn_fw_inf_1C11_kernel_NCHW,..bn_fw_inf_1C11_kernel_NCHW..,4.51,0.31,3.02,6.55,20,"  256,    1,    1","   64,    1,    1"
112,8.73,vectorized_elementwise_kernel,..launch_clamp_scalar..,3.04,0.27,1.19,9.85,18,"   98,    1,    1","  128,    1,    1"
113,18.10,Kernel2,..cutlass_80_tensorop_s1688gemm_64x64_32x6_nn_align4..,13.15,2.38,18.19,36.73,96,"   64,    1,    1","  128,    1,    1"
114,5.39,bn_fw_inf_1C11_kernel_NCHW,..bn_fw_inf_1C11_kernel_NCHW..,5.50,0.30,10.14,28.68,20," 1024,    1,    1","   64,    1,    1"
115,0.00,vectorized_elementwise_kernel,..vectorized_elementwise_kernel..,4.96,0.00,2.45,44.16,22,"  392,    1,    1","  128,    1,    1"
116,8.68,vectorized_elementwise_kernel,..launch_clamp_scalar..,4.13,0.36,3.98,30.90,18,"  392,    1,    1","  128,    1,    1"
117,22.74,Kernel2,..cutlass_80_tensorop_s1688gemm_64x128_32x3_nn_align4..,17.25,3.92,13.57,22.09,148,"    8,    1,    5","  128,    1,    1"
118,8.55,splitKreduce_kernel,..splitKreduce_kernel..,4.74,0.40,9.77,30.38,44,"    7,   16,    1","   32,   16,    1"
119,6.20,bn_fw_inf_1C11_kernel_NCHW,..bn_fw_inf_1C11_kernel_NCHW..,4.67,0.29,2.99,6.91,20,"  256,    1,    1","   64,    1,    1"
120,8.15,vectorized_elementwise_kernel,..launch_clamp_scalar..,3.04,0.25,1.28,9.31,18,"   98,    1,    1","  128,    1,    1"
121,14.40,nchwToNhwcKernel,..nchw2nhwc_params_t..,3.71,0.53,3.52,7.63,33,"    7,    8,    1","  256,    1,    1"
122,6.43,nchwToNhwcKernel,..nchw2nhwc_params_t..,9.92,0.64,48.06,48.12,33,"    1,    8,  256","  256,    1,    1"
123,18.15,sm86_xmma_fprop_implicit_gemm_indexed_tf32f32_tf32f32_f32_nhwckrsc_nchw_tilesize64x32x64_stage4_warpsize2x2x1_g1_tensor16x8x8_alignc4_execute_kernel_cudnn_infer,sm86_xmma_fprop_implicit_gemm_indexed_tf32f32_tf32f32_f32_nhwckrsc_nchw_tilesize64x32x64_stage4_warpsize2x2x1_g1_tensor16x8x8_alignc4_execute_kernel_cudnn_infer,24.48,4.44,21.40,45.70,122,"    8,    4,    2","  128,    1,    1"
124,8.74,bn_fw_inf_1C11_kernel_NCHW,..bn_fw_inf_1C11_kernel_NCHW..,4.64,0.41,2.94,7.08,20,"  256,    1,    1","   64,    1,    1"
125,6.18,vectorized_elementwise_kernel,..launch_clamp_scalar..,3.14,0.19,1.24,7.91,18,"   98,    1,    1","  128,    1,    1"
126,17.76,Kernel2,..cutlass_80_tensorop_s1688gemm_64x64_32x6_nn_align4..,13.22,2.35,18.10,36.58,96,"   64,    1,    1","  128,    1,    1"
127,6.15,bn_fw_inf_1C11_kernel_NCHW,..bn_fw_inf_1C11_kernel_NCHW..,5.57,0.34,9.25,30.34,20," 1024,    1,    1","   64,    1,    1"
128,6.38,vectorized_elementwise_kernel,..vectorized_elementwise_kernel..,5.15,0.33,2.23,43.06,22,"  392,    1,    1","  128,    1,    1"
129,7.81,vectorized_elementwise_kernel,..launch_clamp_scalar..,3.90,0.30,3.85,30.73,18,"  392,    1,    1","  128,    1,    1"
130,22.61,Kernel2,..cutlass_80_tensorop_s1688gemm_64x128_32x3_nn_align4..,17.09,3.86,13.51,22.25,148,"    8,    1,    5","  128,    1,    1"
131,6.62,splitKreduce_kernel,..splitKreduce_kernel..,4.74,0.31,9.37,29.33,44,"    7,   16,    1","   32,   16,    1"
132,7.72,bn_fw_inf_1C11_kernel_NCHW,..bn_fw_inf_1C11_kernel_NCHW..,4.61,0.36,2.89,6.93,20,"  256,    1,    1","   64,    1,    1"
133,7.66,vectorized_elementwise_kernel,..launch_clamp_scalar..,3.01,0.23,1.25,7.87,18,"   98,    1,    1","  128,    1,    1"
134,14.14,nchwToNhwcKernel,..nchw2nhwc_params_t..,3.74,0.53,3.48,7.55,33,"    7,    8,    1","  256,    1,    1"
135,7.18,nchwToNhwcKernel,..nchw2nhwc_params_t..,10.14,0.73,47.11,47.89,33,"    1,    8,  256","  256,    1,    1"
136,18.23,sm86_xmma_fprop_implicit_gemm_indexed_tf32f32_tf32f32_f32_nhwckrsc_nchw_tilesize64x32x64_stage4_warpsize2x2x1_g1_tensor16x8x8_alignc4_execute_kernel_cudnn_infer,sm86_xmma_fprop_implicit_gemm_indexed_tf32f32_tf32f32_f32_nhwckrsc_nchw_tilesize64x32x64_stage4_warpsize2x2x1_g1_tensor16x8x8_alignc4_execute_kernel_cudnn_infer,24.54,4.47,21.39,45.57,122,"    8,    4,    2","  128,    1,    1"
137,8.43,bn_fw_inf_1C11_kernel_NCHW,..bn_fw_inf_1C11_kernel_NCHW..,4.61,0.39,3.00,7.18,20,"  256,    1,    1","   64,    1,    1"
138,8.77,vectorized_elementwise_kernel,..launch_clamp_scalar..,3.04,0.27,1.28,7.86,18,"   98,    1,    1","  128,    1,    1"
139,17.98,Kernel2,..cutlass_80_tensorop_s1688gemm_64x64_32x6_nn_align4..,13.09,2.35,17.81,36.87,96,"   64,    1,    1","  128,    1,    1"
140,7.59,bn_fw_inf_1C11_kernel_NCHW,..bn_fw_inf_1C11_kernel_NCHW..,5.57,0.42,10.16,29.38,20," 1024,    1,    1","   64,    1,    1"
141,8.09,vectorized_elementwise_kernel,..vectorized_elementwise_kernel..,4.99,0.40,2.42,43.61,22,"  392,    1,    1","  128,    1,    1"
142,9.35,vectorized_elementwise_kernel,..launch_clamp_scalar..,4.10,0.38,3.91,31.30,18,"  392,    1,    1","  128,    1,    1"
143,22.63,Kernel2,..cutlass_80_tensorop_s1688gemm_64x128_32x3_nn_align4..,17.22,3.90,13.57,22.09,148,"    8,    1,    5","  128,    1,    1"
144,6.42,splitKreduce_kernel,..splitKreduce_kernel..,4.83,0.31,8.91,27.57,44,"    7,   16,    1","   32,   16,    1"
145,7.40,bn_fw_inf_1C11_kernel_NCHW,..bn_fw_inf_1C11_kernel_NCHW..,4.54,0.34,2.90,7.43,20,"  256,    1,    1","   64,    1,    1"
146,7.85,vectorized_elementwise_kernel,..launch_clamp_scalar..,2.94,0.23,1.28,10.00,18,"   98,    1,    1","  128,    1,    1"
147,13.80,nchwToNhwcKernel,..nchw2nhwc_params_t..,3.71,0.51,3.40,7.62,33,"    7,    8,    1","  256,    1,    1"
148,6.58,nchwToNhwcKernel,..nchw2nhwc_params_t..,10.05,0.66,45.42,47.71,33,"    1,    8,  256","  256,    1,    1"
149,18.43,sm86_xmma_fprop_implicit_gemm_indexed_tf32f32_tf32f32_f32_nhwckrsc_nchw_tilesize64x32x64_stage4_warpsize2x2x1_g1_tensor16x8x8_alignc4_execute_kernel_cudnn_infer,sm86_xmma_fprop_implicit_gemm_indexed_tf32f32_tf32f32_f32_nhwckrsc_nchw_tilesize64x32x64_stage4_warpsize2x2x1_g1_tensor16x8x8_alignc4_execute_kernel_cudnn_infer,24.58,4.53,21.47,45.58,122,"    8,    4,    2","  128,    1,    1"
150,8.88,bn_fw_inf_1C11_kernel_NCHW,..bn_fw_inf_1C11_kernel_NCHW..,4.70,0.42,2.99,6.78,20,"  256,    1,    1","   64,    1,    1"
151,6.15,vectorized_elementwise_kernel,..launch_clamp_scalar..,3.17,0.19,1.26,9.07,18,"   98,    1,    1","  128,    1,    1"
152,17.71,Kernel2,..cutlass_80_tensorop_s1688gemm_64x64_32x6_nn_align4..,13.12,2.32,17.74,36.88,96,"   64,    1,    1","  128,    1,    1"
153,5.61,bn_fw_inf_1C11_kernel_NCHW,..bn_fw_inf_1C11_kernel_NCHW..,5.57,0.31,9.04,30.10,20," 1024,    1,    1","   64,    1,    1"
154,7.42,vectorized_elementwise_kernel,..vectorized_elementwise_kernel..,5.02,0.37,2.43,44.26,22,"  392,    1,    1","  128,    1,    1"
155,6.91,vectorized_elementwise_kernel,..launch_clamp_scalar..,4.06,0.28,3.60,31.58,18,"  392,    1,    1","  128,    1,    1"
156,22.70,Kernel2,..cutlass_80_tensorop_s1688gemm_64x128_32x3_nn_align4..,17.34,3.94,13.49,21.92,148,"    8,    1,    5","  128,    1,    1"
157,8.41,splitKreduce_kernel,..splitKreduce_kernel..,4.77,0.40,9.62,29.87,44,"    7,   16,    1","   32,   16,    1"
158,8.61,bn_fw_inf_1C11_kernel_NCHW,..bn_fw_inf_1C11_kernel_NCHW..,4.58,0.39,2.97,7.42,20,"  256,    1,    1","   64,    1,    1"
159,5.42,vectorized_elementwise_kernel,..launch_clamp_scalar..,3.01,0.16,1.25,9.20,18,"   98,    1,    1","  128,    1,    1"
160,14.76,nchwToNhwcKernel,..nchw2nhwc_params_t..,3.78,0.56,3.49,7.44,33,"    7,    8,    1","  256,    1,    1"
161,6.28,nchwToNhwcKernel,..nchw2nhwc_params_t..,10.18,0.64,47.35,47.30,33,"    1,    8,  256","  256,    1,    1"
162,18.05,sm86_xmma_fprop_implicit_gemm_indexed_tf32f32_tf32f32_f32_nhwckrsc_nchw_tilesize64x32x64_stage4_warpsize2x2x1_g1_tensor16x8x8_alignc4_execute_kernel_cudnn_infer,sm86_xmma_fprop_implicit_gemm_indexed_tf32f32_tf32f32_f32_nhwckrsc_nchw_tilesize64x32x64_stage4_warpsize2x2x1_g1_tensor16x8x8_alignc4_execute_kernel_cudnn_infer,24.54,4.43,21.40,45.63,122,"    8,    4,    2","  128,    1,    1"
163,7.82,bn_fw_inf_1C11_kernel_NCHW,..bn_fw_inf_1C11_kernel_NCHW..,4.58,0.36,2.93,7.07,20,"  256,    1,    1","   64,    1,    1"
164,9.37,vectorized_elementwise_kernel,..launch_clamp_scalar..,2.98,0.28,1.28,8.76,18,"   98,    1,    1","  128,    1,    1"
165,19.50,Kernel2,..cutlass_80_tensorop_s1688gemm_64x64_32x6_nn_align4..,13.28,2.59,17.67,36.40,96,"   64,    1,    1","  128,    1,    1"
166,6.30,bn_fw_inf_1C11_kernel_NCHW,..bn_fw_inf_1C11_kernel_NCHW..,5.60,0.35,9.30,28.91,20," 1024,    1,    1","   64,    1,    1"
167,7.00,vectorized_elementwise_kernel,..vectorized_elementwise_kernel..,4.96,0.35,2.24,41.43,22,"  392,    1,    1","  128,    1,    1"
168,8.25,vectorized_elementwise_kernel,..launch_clamp_scalar..,4.06,0.34,3.78,30.80,18,"  392,    1,    1","  128,    1,    1"
169,17.20,Kernel2,..cutlass_80_tensorop_s1688gemm_128x64_16x6_nn_align4..,19.68,3.39,24.33,38.20,136,"   16,    1,    4","  128,    1,    1"
170,8.36,splitKreduce_kernel,..splitKreduce_kernel..,5.54,0.46,14.84,38.92,44,"    7,   32,    1","   32,   16,    1"
171,7.31,bn_fw_inf_1C11_kernel_NCHW,..bn_fw_inf_1C11_kernel_NCHW..,4.83,0.35,5.54,16.92,20,"  512,    1,    1","   64,    1,    1"
172,8.08,vectorized_elementwise_kernel,..launch_clamp_scalar..,3.46,0.28,2.17,16.02,18,"  196,    1,    1","  128,    1,    1"
173,10.63,nchwToNhwcKernel,..nchw2nhwc_params_t..,4.16,0.44,6.50,11.92,33,"    7,   16,    1","  256,    1,    1"
174,0.00,nchwToNhwcKernel,..nchw2nhwc_params_t..,29.47,0.00,60.39,68.20,33,"    1,   16,  512","  256,    1,    1"
175,23.74,sm86_xmma_fprop_implicit_gemm_indexed_tf32f32_tf32f32_f32_nhwckrsc_nchw_tilesize64x32x64_stage4_warpsize2x2x1_g1_tensor16x8x8_alignc4_execute_kernel_cudnn_infer,sm86_xmma_fprop_implicit_gemm_indexed_tf32f32_tf32f32_f32_nhwckrsc_nchw_tilesize64x32x64_stage4_warpsize2x2x1_g1_tensor16x8x8_alignc4_execute_kernel_cudnn_infer,32.42,7.70,18.13,42.63,122,"   16,    1,    3","  128,    1,    1"
176,7.39,bn_fw_inf_1C11_kernel_NCHW,..bn_fw_inf_1C11_kernel_NCHW..,3.78,0.28,4.36,4.84,20,"  512,    1,    1","   64,    1,    1"
177,10.85,vectorized_elementwise_kernel,..launch_clamp_scalar..,2.85,0.31,0.66,6.14,18,"   49,    1,    1","  128,    1,    1"
178,22.22,Kernel2,..cutlass_80_tensorop_s1688gemm_64x64_16x6_nn_align1..,23.39,5.20,13.23,29.84,90,"   32,    1,    1","  128,    1,    1"
179,7.86,bn_fw_inf_1C11_kernel_NCHW,..bn_fw_inf_1C11_kernel_NCHW..,5.22,0.41,10.55,13.98,20," 2048,    1,    1","   64,    1,    1"
180,5.57,kern_precompute_indices,..kern_precompute_indices..,3.23,0.18,3.66,1.44,16," 1024,    1,    1","    1,    1,    1"
181,17.62,precomputed_convolve_sgemm,..precomputed_convolve_sgemm..,73.54,12.96,30.81,36.32,64,"    2,   64,    1","    8,    8,    1"
182,9.62,bn_fw_inf_1C11_kernel_NCHW,..bn_fw_inf_1C11_kernel_NCHW..,5.22,0.50,10.88,15.06,20," 2048,    1,    1","   64,    1,    1"
183,7.47,vectorized_elementwise_kernel,..vectorized_elementwise_kernel..,3.81,0.28,1.52,26.69,22,"  196,    1,    1","  128,    1,    1"
184,6.29,vectorized_elementwise_kernel,..launch_clamp_scalar..,3.26,0.21,2.30,15.94,18,"  196,    1,    1","  128,    1,    1"
185,22.71,Kernel2,..cutlass_80_tensorop_s1688gemm_64x128_32x3_nn_align1..,17.34,3.94,15.19,41.68,152,"    4,    1,   11","  128,    1,    1"
186,13.05,splitKreduce_kernel,..splitKreduce_kernel..,4.99,0.65,6.64,30.05,44,"    2,   32,    1","   32,   16,    1"
187,0.00,bn_fw_inf_1C11_kernel_NCHW,..bn_fw_inf_1C11_kernel_NCHW..,3.78,0.00,4.37,5.29,20,"  512,    1,    1","   64,    1,    1"
188,11.10,vectorized_elementwise_kernel,..launch_clamp_scalar..,2.85,0.32,0.66,5.19,18,"   49,    1,    1","  128,    1,    1"
189,11.78,nchwToNhwcKernel,..nchw2nhwc_params_t..,3.84,0.45,1.82,4.51,33,"    2,   16,    1","  256,    1,    1"
190,0.00,nchwToNhwcKernel,..nchw2nhwc_params_t..,29.41,0.00,60.18,68.92,33,"    1,   16,  512","  256,    1,    1"
191,23.47,sm86_xmma_fprop_implicit_gemm_indexed_tf32f32_tf32f32_f32_nhwckrsc_nchw_tilesize64x32x64_stage4_warpsize2x2x1_g1_tensor16x8x8_alignc4_execute_kernel_cudnn_infer,sm86_xmma_fprop_implicit_gemm_indexed_tf32f32_tf32f32_f32_nhwckrsc_nchw_tilesize64x32x64_stage4_warpsize2x2x1_g1_tensor16x8x8_alignc4_execute_kernel_cudnn_infer,32.35,7.59,18.05,41.35,122,"   16,    1,    3","  128,    1,    1"
192,6.98,bn_fw_inf_1C11_kernel_NCHW,..bn_fw_inf_1C11_kernel_NCHW..,3.74,0.26,4.44,5.09,20,"  512,    1,    1","   64,    1,    1"
193,11.34,vectorized_elementwise_kernel,..launch_clamp_scalar..,2.78,0.32,0.69,5.45,18,"   49,    1,    1","  128,    1,    1"
194,22.16,Kernel2,..cutlass_80_tensorop_s1688gemm_64x64_16x6_nn_align1..,22.82,5.06,13.51,30.06,90,"   32,    1,    1","  128,    1,    1"
195,6.58,bn_fw_inf_1C11_kernel_NCHW,..bn_fw_inf_1C11_kernel_NCHW..,5.25,0.35,10.92,14.89,20," 2048,    1,    1","   64,    1,    1"
196,9.06,vectorized_elementwise_kernel,..vectorized_elementwise_kernel..,3.81,0.35,1.56,27.55,22,"  196,    1,    1","  128,    1,    1"
197,8.83,vectorized_elementwise_kernel,..launch_clamp_scalar..,3.33,0.29,2.34,17.67,18,"  196,    1,    1","  128,    1,    1"
198,22.77,Kernel2,..cutlass_80_tensorop_s1688gemm_64x128_32x3_nn_align1..,17.34,3.95,15.17,41.65,152,"    4,    1,   11","  128,    1,    1"
199,13.44,splitKreduce_kernel,..splitKreduce_kernel..,5.06,0.68,6.75,29.85,44,"    2,   32,    1","   32,   16,    1"
200,0.00,bn_fw_inf_1C11_kernel_NCHW,..bn_fw_inf_1C11_kernel_NCHW..,3.78,0.00,4.37,4.85,20,"  512,    1,    1","   64,    1,    1"
201,12.00,vectorized_elementwise_kernel,..launch_clamp_scalar..,2.78,0.33,0.68,4.87,18,"   49,    1,    1","  128,    1,    1"
202,12.25,nchwToNhwcKernel,..nchw2nhwc_params_t..,3.71,0.45,1.87,4.59,33,"    2,   16,    1","  256,    1,    1"
203,0.00,nchwToNhwcKernel,..nchw2nhwc_params_t..,29.28,0.00,60.77,68.81,33,"    1,   16,  512","  256,    1,    1"
204,23.67,sm86_xmma_fprop_implicit_gemm_indexed_tf32f32_tf32f32_f32_nhwckrsc_nchw_tilesize64x32x64_stage4_warpsize2x2x1_g1_tensor16x8x8_alignc4_execute_kernel_cudnn_infer,sm86_xmma_fprop_implicit_gemm_indexed_tf32f32_tf32f32_f32_nhwckrsc_nchw_tilesize64x32x64_stage4_warpsize2x2x1_g1_tensor16x8x8_alignc4_execute_kernel_cudnn_infer,32.32,7.65,18.20,41.23,122,"   16,    1,    3","  128,    1,    1"
205,8.18,bn_fw_inf_1C11_kernel_NCHW,..bn_fw_inf_1C11_kernel_NCHW..,3.78,0.31,4.20,5.49,20,"  512,    1,    1","   64,    1,    1"
206,10.93,vectorized_elementwise_kernel,..launch_clamp_scalar..,2.82,0.31,0.66,4.79,18,"   49,    1,    1","  128,    1,    1"
207,22.16,Kernel2,..cutlass_80_tensorop_s1688gemm_64x64_16x6_nn_align1..,22.85,5.06,13.44,31.30,90,"   32,    1,    1","  128,    1,    1"
208,6.74,bn_fw_inf_1C11_kernel_NCHW,..bn_fw_inf_1C11_kernel_NCHW..,5.31,0.36,10.77,13.63,20," 2048,    1,    1","   64,    1,    1"
209,8.99,vectorized_elementwise_kernel,..vectorized_elementwise_kernel..,3.78,0.34,1.50,27.48,22,"  196,    1,    1","  128,    1,    1"
210,5.69,vectorized_elementwise_kernel,..launch_clamp_scalar..,3.81,0.22,2.29,12.02,18,"  196,    1,    1","  128,    1,    1"
211,5.14,reduce_kernel,..reduce_kernel..ReduceOp..,5.63,0.29,15.74,9.57,32,"  128,    1,    1","   32,   16,    1"
212,10.51,kernel,..cublasGemvTensorStridedBatched..,19.81,2.08,19.73,49.27,159,"  250,    1,    3","   32,    4,    1"
213,12.20,splitKreduce_kernel,..splitKreduce_kernel..,3.36,0.41,5.68,4.75,44,"    1,   63,    1","   32,   16,    1"
214,8.78,globalKernel,..cublasLtEpilogue_t..,3.17,0.28,3.24,1.80,26,"  125,    1,    1","    8,   32,    1"
