﻿ID,Estimated Speedup,Function Name,Demangled Name,"Duration""""(3.10598e+06)","Runtime Improvement""""(345226)",Compute Throughput,Memory Throughput,# Registers,Grid Size,Block Size
0,5.26,computeOffsetsKernel,..computeOffsetsKernel..,3.10,0.16,12.41,6.71,16,"  197,    1,    1","  256,    1,    1"
1,7.01,cudnn_infer_ampere_scudnn_128x64_relu_small_nn_v1,cudnn_infer_ampere_scudnn_128x64_relu_small_nn_v1,35.74,2.51,40.13,39.33,128,"  392,    1,    1","  128,    1,    1"
2,0.00,elementwise_kernel,..gpu_kernel_impl_nocast..,32.42,0.00,31.78,84.91,16,"12544,    1,    1","  128,    1,    1"
3,0.00,vectorized_elementwise_kernel,..vectorized_elementwise_kernel..,32.10,0.00,5.81,85.42,18," 6272,    1,    1","  128,    1,    1"
4,12.99,generateWinogradTilesKernel,..generateWinogradTilesKernel..,3.55,0.46,3.15,7.66,40,"    2,   16,    1","   32,    4,    1"
5,0.00,cudnn_infer_ampere_scudnn_winograd_128x128_ldg1_ldg4_relu_tile148n_nt_v1,cudnn_infer_ampere_scudnn_winograd_128x128_ldg1_ldg4_relu_tile148n_nt_v1,177.41,0.00,50.91,54.85,130,"    2,   28,   14","  256,    1,    1"
6,0.00,elementwise_kernel,..gpu_kernel_impl_nocast..,32.38,0.00,31.44,84.31,16,"12544,    1,    1","  128,    1,    1"
7,5.16,vectorized_elementwise_kernel,..vectorized_elementwise_kernel..,32.45,1.68,6.58,85.08,18," 6272,    1,    1","  128,    1,    1"
8,0.00,max_pool_forward_nchw,..max_pool_forward_nchw..,30.14,0.00,53.18,79.84,26," 3136,    1,    1","  256,    1,    1"
9,0.00,nchwToNhwcKernel,..nchw2nhwc_params_t..,9.25,0.00,20.94,70.10,33,"  392,    2,    1","  256,    1,    1"
10,5.87,nchwToNhwcKernel,..nchw2nhwc_params_t..,4.16,0.24,16.52,10.38,33,"    1,    2,  128","  256,    1,    1"
11,23.74,sm80_xmma_fprop_implicit_gemm_tf32f32_tf32f32_f32_nhwckrsc_nchw_tilesize128x128x16_stage4_warpsize2x2x1_g1_tensor16x8x8_execute_kernel_cudnn_infer,sm80_xmma_fprop_implicit_gemm_tf32f32_tf32f32_f32_nhwckrsc_nchw_tilesize128x128x16_stage4_warpsize2x2x1_g1_tensor16x8x8_execute_kernel_cudnn_infer,125.47,29.78,25.48,24.27,242,"    1,   98,    1","  128,    1,    1"
12,0.00,elementwise_kernel,..gpu_kernel_impl_nocast..,17.79,0.00,31.56,74.59,16," 6272,    1,    1","  128,    1,    1"
13,7.75,vectorized_elementwise_kernel,..vectorized_elementwise_kernel..,16.77,1.30,5.66,78.98,18," 3136,    1,    1","  128,    1,    1"
14,0.00,nchwToNhwcKernel,..nchw2nhwc_params_t..,17.41,0.00,22.12,78.77,33,"  392,    4,    1","  256,    1,    1"
15,13.82,nchwToNhwcKernel,..nchw2nhwc_params_t..,5.22,0.72,23.70,17.65,33,"    1,    4,  128","  256,    1,    1"
16,23.52,sm86_xmma_fprop_implicit_gemm_tf32f32_tf32f32_f32_nhwckrsc_nchw_tilesize128x128x16_stage3_warpsize2x2x1_g1_tensor16x8x8_execute_kernel_cudnn_infer,sm86_xmma_fprop_implicit_gemm_tf32f32_tf32f32_f32_nhwckrsc_nchw_tilesize128x128x16_stage3_warpsize2x2x1_g1_tensor16x8x8_execute_kernel_cudnn_infer,225.86,53.12,28.09,25.48,232,"    1,   98,    1","  128,    1,    1"
17,0.00,elementwise_kernel,..gpu_kernel_impl_nocast..,17.82,0.00,27.30,75.68,16," 6272,    1,    1","  128,    1,    1"
18,8.48,vectorized_elementwise_kernel,..vectorized_elementwise_kernel..,17.28,1.47,7.67,78.98,18," 3136,    1,    1","  128,    1,    1"
19,0.00,max_pool_forward_nchw,..max_pool_forward_nchw..,16.45,0.00,54.49,72.31,26," 1568,    1,    1","  256,    1,    1"
20,0.00,nchwToNhwcKernel,..nchw2nhwc_params_t..,6.21,0.00,18.15,48.60,33,"   98,    4,    1","  256,    1,    1"
21,10.21,nchwToNhwcKernel,..nchw2nhwc_params_t..,6.62,0.68,34.92,28.21,33,"    1,    4,  256","  256,    1,    1"
22,15.89,Kernel,..cutlass_tensorop_s1688fprop_optimized_tf32_64x64_32x5_nhwc_align4..,93.50,14.86,34.24,40.51,118,"  196,    1,    1","  128,    1,    1"
23,13.13,nhwcToNchwKernel,..nhwc2nchw_params_t..,9.50,1.25,27.38,64.12,40,"   98,    8,    1","  256,    1,    1"
24,0.00,elementwise_kernel,..gpu_kernel_impl_nocast..,11.07,0.00,31.07,58.38,16," 3136,    1,    1","  128,    1,    1"
25,5.35,vectorized_elementwise_kernel,..vectorized_elementwise_kernel..,9.12,0.49,8.01,72.01,18," 1568,    1,    1","  128,    1,    1"
26,10.35,nchwToNhwcKernel,..nchw2nhwc_params_t..,9.63,1.00,27.14,67.02,33,"   98,    8,    1","  256,    1,    1"
27,7.06,nchwToNhwcKernel,..nchw2nhwc_params_t..,10.02,0.71,46.16,47.38,33,"    1,    8,  256","  256,    1,    1"
28,15.93,Kernel,..cutlass_tensorop_s1688fprop_optimized_tf32_64x64_32x5_nhwc_align4..,172.77,27.52,36.70,42.94,118,"  196,    1,    1","  128,    1,    1"
29,10.41,nhwcToNchwKernel,..nhwc2nchw_params_t..,9.86,1.03,20.32,65.40,40,"   98,    8,    1","  256,    1,    1"
30,0.00,elementwise_kernel,..gpu_kernel_impl_nocast..,10.94,0.00,31.60,60.42,16," 3136,    1,    1","  128,    1,    1"
31,0.00,vectorized_elementwise_kernel,..vectorized_elementwise_kernel..,8.67,0.00,5.92,77.45,18," 1568,    1,    1","  128,    1,    1"
32,10.67,nchwToNhwcKernel,..nchw2nhwc_params_t..,9.70,1.03,26.92,66.74,33,"   98,    8,    1","  256,    1,    1"
33,5.99,nchwToNhwcKernel,..nchw2nhwc_params_t..,10.14,0.61,47.51,47.56,33,"    1,    8,  256","  256,    1,    1"
34,16.07,Kernel,..cutlass_tensorop_s1688fprop_optimized_tf32_64x64_32x5_nhwc_align4..,173.50,27.88,36.71,42.75,118,"  196,    1,    1","  128,    1,    1"
35,5.53,nhwcToNchwKernel,..nhwc2nchw_params_t..,9.89,0.55,27.67,64.52,40,"   98,    8,    1","  256,    1,    1"
36,0.00,elementwise_kernel,..gpu_kernel_impl_nocast..,10.91,0.00,31.98,55.91,16," 3136,    1,    1","  128,    1,    1"
37,0.00,vectorized_elementwise_kernel,..vectorized_elementwise_kernel..,8.93,0.00,8.03,73.80,18," 1568,    1,    1","  128,    1,    1"
38,5.09,max_pool_forward_nchw,..max_pool_forward_nchw..,9.95,0.51,41.05,54.70,26,"  784,    1,    1","  256,    1,    1"
39,9.67,nchwToNhwcKernel,..nchw2nhwc_params_t..,4.61,0.45,10.23,27.16,33,"   25,    8,    1","  256,    1,    1"
40,0.00,nchwToNhwcKernel,..nchw2nhwc_params_t..,16.77,0.00,56.98,59.43,33,"    1,    8,  512","  256,    1,    1"
41,22.97,Kernel,..cutlass_tensorop_s1688fprop_optimized_tf32_64x128_16x6_nhwc_align4..,113.54,26.08,29.66,28.93,152,"   52,    1,    1","  128,    1,    1"
42,5.37,nhwcToNchwKernel,..nhwc2nchw_params_t..,6.53,0.35,18.70,49.06,40,"   25,   16,    1","  256,    1,    1"
43,5.17,elementwise_kernel,..gpu_kernel_impl_nocast..,6.78,0.35,18.71,40.32,16," 1568,    1,    1","  128,    1,    1"
44,16.24,vectorized_elementwise_kernel,..vectorized_elementwise_kernel..,6.02,0.98,6.16,48.31,18,"  784,    1,    1","  128,    1,    1"
45,10.03,nchwToNhwcKernel,..nchw2nhwc_params_t..,6.56,0.66,18.37,46.21,33,"   25,   16,    1","  256,    1,    1"
46,0.00,nchwToNhwcKernel,..nchw2nhwc_params_t..,29.44,0.00,58.75,68.47,33,"    1,   16,  512","  256,    1,    1"
47,21.53,Kernel,..cutlass_tensorop_s1688fprop_optimized_tf32_128x64_32x3_nhwc_align4..,220.42,47.46,32.88,20.61,168,"   28,    2,    1","  128,    1,    1"
48,5.03,nhwcToNchwKernel,..nhwc2nchw_params_t..,6.24,0.31,15.45,50.66,40,"   25,   16,    1","  256,    1,    1"
49,9.52,elementwise_kernel,..gpu_kernel_impl_nocast..,6.56,0.62,22.34,44.28,16," 1568,    1,    1","  128,    1,    1"
50,5.62,vectorized_elementwise_kernel,..vectorized_elementwise_kernel..,5.82,0.33,5.98,50.11,18,"  784,    1,    1","  128,    1,    1"
51,7.70,nchwToNhwcKernel,..nchw2nhwc_params_t..,5.86,0.45,17.86,50.49,33,"   25,   16,    1","  256,    1,    1"
52,0.00,nchwToNhwcKernel,..nchw2nhwc_params_t..,29.60,0.00,58.71,68.08,33,"    1,   16,  512","  256,    1,    1"
53,21.53,Kernel,..cutlass_tensorop_s1688fprop_optimized_tf32_128x64_32x3_nhwc_align4..,220.45,47.46,32.88,20.60,168,"   28,    2,    1","  128,    1,    1"
54,5.31,nhwcToNchwKernel,..nhwc2nchw_params_t..,6.59,0.35,15.28,48.63,40,"   25,   16,    1","  256,    1,    1"
55,0.00,elementwise_kernel,..gpu_kernel_impl_nocast..,6.82,0.00,19.51,43.27,16," 1568,    1,    1","  128,    1,    1"
56,7.36,vectorized_elementwise_kernel,..vectorized_elementwise_kernel..,5.66,0.42,6.02,47.77,18,"  784,    1,    1","  128,    1,    1"
57,5.16,max_pool_forward_nchw,..max_pool_forward_nchw..,6.69,0.35,32.40,39.38,26,"  392,    1,    1","  256,    1,    1"
58,11.47,nchwToNhwcKernel,..nchw2nhwc_params_t..,4.13,0.47,6.70,11.88,33,"    7,   16,    1","  256,    1,    1"
59,0.00,nchwToNhwcKernel,..nchw2nhwc_params_t..,29.54,0.00,59.23,68.42,33,"    1,   16,  512","  256,    1,    1"
60,19.88,sm86_xmma_fprop_implicit_gemm_indexed_tf32f32_tf32f32_f32_nhwckrsc_nhwc_tilesize128x64x32_stage4_warpsize2x2x1_g1_tensor16x8x8_execute_kernel_cudnn_infer,sm86_xmma_fprop_implicit_gemm_indexed_tf32f32_tf32f32_f32_nhwckrsc_nhwc_tilesize128x64x32_stage4_warpsize2x2x1_g1_tensor16x8x8_execute_kernel_cudnn_infer,68.90,13.69,30.05,33.78,198,"    8,    2,    4","  128,    1,    1"
61,6.88,nhwcToNchwKernel,..nhwc2nchw_params_t..,3.81,0.26,7.04,20.15,40,"    7,   16,    1","  256,    1,    1"
62,5.18,elementwise_kernel,..gpu_kernel_impl_nocast..,4.10,0.21,8.68,12.74,16,"  392,    1,    1","  128,    1,    1"
63,8.65,vectorized_elementwise_kernel,..vectorized_elementwise_kernel..,3.23,0.28,2.39,15.83,18,"  196,    1,    1","  128,    1,    1"
64,10.09,nchwToNhwcKernel,..nchw2nhwc_params_t..,3.87,0.39,6.62,13.50,33,"    7,   16,    1","  256,    1,    1"
65,0.00,nchwToNhwcKernel,..nchw2nhwc_params_t..,29.70,0.00,60.04,71.15,33,"    1,   16,  512","  256,    1,    1"
66,19.90,sm86_xmma_fprop_implicit_gemm_indexed_tf32f32_tf32f32_f32_nhwckrsc_nhwc_tilesize128x64x32_stage4_warpsize2x2x1_g1_tensor16x8x8_execute_kernel_cudnn_infer,sm86_xmma_fprop_implicit_gemm_indexed_tf32f32_tf32f32_f32_nhwckrsc_nhwc_tilesize128x64x32_stage4_warpsize2x2x1_g1_tensor16x8x8_execute_kernel_cudnn_infer,69.15,13.76,30.08,33.64,198,"    8,    2,    4","  128,    1,    1"
67,7.65,nhwcToNchwKernel,..nhwc2nchw_params_t..,3.81,0.29,7.07,21.04,40,"    7,   16,    1","  256,    1,    1"
68,6.48,elementwise_kernel,..gpu_kernel_impl_nocast..,4,0.26,8.87,14.04,16,"  392,    1,    1","  128,    1,    1"
69,7.91,vectorized_elementwise_kernel,..vectorized_elementwise_kernel..,3.23,0.26,2.31,17.13,18,"  196,    1,    1","  128,    1,    1"
70,9.85,nchwToNhwcKernel,..nchw2nhwc_params_t..,4.13,0.41,6.67,12.69,33,"    7,   16,    1","  256,    1,    1"
71,0.00,nchwToNhwcKernel,..nchw2nhwc_params_t..,29.54,0.00,59.21,67.34,33,"    1,   16,  512","  256,    1,    1"
72,19.92,sm86_xmma_fprop_implicit_gemm_indexed_tf32f32_tf32f32_f32_nhwckrsc_nhwc_tilesize128x64x32_stage4_warpsize2x2x1_g1_tensor16x8x8_execute_kernel_cudnn_infer,sm86_xmma_fprop_implicit_gemm_indexed_tf32f32_tf32f32_f32_nhwckrsc_nhwc_tilesize128x64x32_stage4_warpsize2x2x1_g1_tensor16x8x8_execute_kernel_cudnn_infer,68.93,13.73,30.04,33.75,198,"    8,    2,    4","  128,    1,    1"
73,7.37,nhwcToNchwKernel,..nhwc2nchw_params_t..,3.97,0.29,7.24,19.87,40,"    7,   16,    1","  256,    1,    1"
74,5.94,elementwise_kernel,..gpu_kernel_impl_nocast..,4.13,0.25,8.75,12.85,16,"  392,    1,    1","  128,    1,    1"
75,8.98,vectorized_elementwise_kernel,..vectorized_elementwise_kernel..,3.30,0.30,2.33,15.67,18,"  196,    1,    1","  128,    1,    1"
76,6.64,max_pool_forward_nchw,..max_pool_forward_nchw..,4.45,0.30,11.89,10.21,26,"   98,    1,    1","  256,    1,    1"
77,9.84,adaptive_average_pool,..adaptive_average_pool..,7.20,0.71,39.44,3.77,40,"  512,    1,    1","   32,    8,    1"
78,0.00,kernel,..enable_if..internal..,480.45,0.00,24.11,94.48,159," 1024,    1,    1","   32,    4,    1"
79,0.00,vectorized_elementwise_kernel,..vectorized_elementwise_kernel..,2.72,0.00,0.11,1.94,18,"    8,    1,    1","  128,    1,    1"
80,0.00,gemv2T_kernel_val,..gemv2T_kernel_val..,85.15,0.00,27.22,89.88,58,"  512,    1,    1","  128,    1,    1"
81,6.23,vectorized_elementwise_kernel,..vectorized_elementwise_kernel..,2.72,0.17,0.12,1.94,18,"    8,    1,    1","  128,    1,    1"
82,11.23,kernel,..enable_if..internal..,27.20,3.06,19.90,71.29,159,"  250,    1,    1","   32,    4,    1"
